,attendance,team1,team2,year,home,lat,long
0,25000,Italy,USA,1934,Italy,41.926953000000005,12.472197
1,16000,Austria,France,1934,Italy,45.066251,7.691228
2,8000,Germany,Belgium,1934,Italy,44.275234000000005,11.722625
3,9000,Czechoslovakia,Romania,1934,Italy,45.62243,13.792906
4,33000,Switzerland,Netherlands,1934,Italy,45.478124,9.123961999999999
5,14000,Sweden,Argentina,1934,Italy,44.494887,11.3426163
6,21000,Spain,Brazil,1934,Italy,44.416409,8.952494999999999
7,9000,Hungary,Egypt,1934,Italy,40.631067,14.408605999999999
8,23000,Austria,Hungary,1934,Italy,44.494887,11.3426163
9,12000,Czechoslovakia,Switzerland,1934,Italy,45.066251,7.691228
10,15000,Germany,Sweden,1934,Italy,45.478124,9.123961999999999
11,35000,Italy,Spain,1934,Italy,44.275234000000005,11.722625
12,43000,Italy,Spain,1934,Italy,44.275234000000005,11.722625
13,60000,Italy,Austria,1934,Italy,45.478124,9.123961999999999
14,15000,Czechoslovakia,Germany,1934,Italy,41.926953000000005,12.472197
15,7000,Germany,Austria,1934,Italy,40.631067,14.408605999999999
16,50000,Italy,Czechoslovakia,1934,Italy,41.926953000000005,12.472197
17,34107,Sweden,Mexico,1958,Sweden,59.36666700000001,17.9833329
18,31156,FRG,Argentina,1958,Sweden,55.58606700000001,12.989247
19,10647,Northern Ireland,Czechoslovakia,1958,Sweden,56.68418199999999,12.867464
20,16518,France,Paraguay,1958,Sweden,58.58441,16.171553
21,9591,Yugoslavia,Scotland,1958,Sweden,59.6200341,16.537894400000003
22,15343,Hungary,Wales,1958,Sweden,60.60904,16.770892
23,49348,England,Soviet Union,1958,Sweden,57.705913,11.98723
24,17778,Brazil,Austria,1958,Sweden,58.356336,11.949346
25,31156,FRG,Czechoslovakia,1958,Sweden,56.049839,12.700389999999999
26,14174,Argentina,Northern Ireland,1958,Sweden,56.68418199999999,12.867464
27,11665,Paraguay,Scotland,1958,Sweden,58.58441,16.171553
28,12217,Yugoslavia,France,1958,Sweden,59.6200341,16.537894400000003
29,15150,Wales,Mexico,1958,Sweden,59.36666700000001,17.9833329
30,40895,Brazil,England,1958,Sweden,57.705913,11.98723
31,21239,Soviet Union,Austria,1958,Sweden,57.73571999999999,12.934914
32,38850,Sweden,Hungary,1958,Sweden,59.36666700000001,17.9833329
33,30287,Sweden,Wales,1958,Sweden,59.36666700000001,17.9833329
34,21990,FRG,Northern Ireland,1958,Sweden,55.58606700000001,12.989247
35,16418,Czechoslovakia,Argentina,1958,Sweden,56.049839,12.700389999999999
36,13554,France,Scotland,1958,Sweden,59.266051000000004,15.221614
37,13103,Yugoslavia,Paraguay,1958,Sweden,59.370709,16.49502
38,13310,Hungary,Mexico,1958,Sweden,60.60904,16.770892
39,50928,Brazil,Soviet Union,1958,Sweden,57.705913,11.98723
40,15872,England,Austria,1958,Sweden,57.73571999999999,12.934914
41,6196,Northern Ireland,Czechoslovakia,1958,Sweden,55.58606700000001,12.989247
42,2823,Wales,Hungary,1958,Sweden,59.36666700000001,17.9833329
43,23182,Soviet Union,England,1958,Sweden,57.705913,11.98723
44,31900,Sweden,Soviet Union,1958,Sweden,59.36666700000001,17.9833329
45,20055,FRG,Yugoslavia,1958,Sweden,55.58606700000001,12.989247
46,11800,France,Northern Ireland,1958,Sweden,58.58441,16.171553
47,25923,Brazil,Wales,1958,Sweden,57.705913,11.98723
48,49471,Sweden,FRG,1958,Sweden,57.705913,11.98723
49,27100,Brazil,France,1958,Sweden,59.36666700000001,17.9833329
50,32482,France,FRG,1958,Sweden,57.705913,11.98723
51,49737,Brazil,Sweden,1958,Sweden,59.36666700000001,17.9833329
52,95000,Argentina,Belgium,1982,Spain,41.380896,2.12282
53,22000,Italy,Poland,1982,Spain,42.211946999999995,-8.73973
54,50000,Brazil,Soviet Union,1982,Spain,37.384066,-5.97069
55,15000,Peru,Cameroon,1982,Spain,43.36872,-8.417484
56,23000,Hungary,El Salvador,1982,Spain,38.278535999999995,-0.707856
57,22000,Scotland,New Zealand,1982,Spain,36.7355448,-4.426569000000001
58,25000,FRG,Algeria,1982,Spain,43.538897999999996,-5.645742
59,44172,England,France,1982,Spain,43.263513,-2.948131
60,49562,Spain,Honduras,1982,Spain,22.164824499999998,-101.0045432
61,22000,Chile,Austria,1982,Spain,43.360742,-5.870283000000001
62,12000,Czechoslovakia,Kuwait,1982,Spain,41.644608000000005,-4.761273
63,18000,Yugoslavia,Northern Ireland,1982,Spain,41.6350994,-0.8985066999999999
64,25000,Italy,Peru,1982,Spain,42.211946999999995,-8.73973
65,32093,Argentina,Hungary,1982,Spain,38.357446,-0.492724
66,47379,Brazil,Scotland,1982,Spain,37.356504,-5.981751999999999
67,12000,Poland,Cameroon,1982,Spain,43.36872,-8.417484
68,6000,Belgium,El Salvador,1982,Spain,38.278535999999995,-0.707856
69,17000,Soviet Union,New Zealand,1982,Spain,36.7355448,-4.426569000000001
70,40000,FRG,Chile,1982,Spain,43.538897999999996,-5.645742
71,44182,England,Czechoslovakia,1982,Spain,43.263513,-2.948131
72,47500,Spain,Yugoslavia,1982,Spain,22.164824499999998,-101.0045432
73,22000,Algeria,Austria,1982,Spain,43.360742,-5.870283000000001
74,30043,France,Kuwait,1982,Spain,41.644608000000005,-4.761273
75,15000,Honduras,Northern Ireland,1982,Spain,41.6350994,-0.8985066999999999
76,16000,Poland,Peru,1982,Spain,43.36872,-8.417484
77,22000,Belgium,Hungary,1982,Spain,38.278535999999995,-0.707856
78,30000,Soviet Union,Scotland,1982,Spain,36.7355448,-4.426569000000001
79,17000,Italy,Cameroon,1982,Spain,42.211946999999995,-8.73973
80,18000,Argentina,El Salvador,1982,Spain,38.357446,-0.492724
81,32000,Brazil,New Zealand,1982,Spain,37.356504,-5.981751999999999
82,18000,Algeria,Chile,1982,Spain,43.360742,-5.870283000000001
83,28000,France,Czechoslovakia,1982,Spain,41.644608000000005,-4.761273
84,12000,Honduras,Yugoslavia,1982,Spain,41.6350994,-0.8985066999999999
85,41000,FRG,Austria,1982,Spain,43.538897999999996,-5.645742
86,31000,England,Kuwait,1982,Spain,43.263513,-2.948131
87,49562,Northern Ireland,Spain,1982,Spain,22.164824499999998,-101.0045432
88,30000,Austria,France,1982,Spain,40.401724,-3.7206349999999997
89,30000,Poland,Belgium,1982,Spain,41.380896,2.12282
90,39000,Italy,Argentina,1982,Spain,41.3996039,2.1191033999999997
91,75000,FRG,England,1982,Spain,40.453053999999995,-3.6883440000000003
92,24000,Austria,Northern Ireland,1982,Spain,40.401724,-3.7206349999999997
93,25000,Belgium,Soviet Union,1982,Spain,41.380896,2.12282
94,44000,Argentina,Brazil,1982,Spain,41.3996039,2.1191033999999997
95,90089,FRG,Spain,1982,Spain,40.453053999999995,-3.6883440000000003
96,30000,France,Northern Ireland,1982,Spain,40.401724,-3.7206349999999997
97,45000,Poland,Soviet Union,1982,Spain,41.380896,2.12282
98,44000,Italy,Brazil,1982,Spain,41.3996039,2.1191033999999997
99,65000,Spain,England,1982,Spain,40.453053999999995,-3.6883440000000003
100,55000,Poland,Italy,1982,Spain,41.380896,2.12282
101,71000,FRG,France,1982,Spain,37.384066,-5.97069
102,28000,Poland,France,1982,Spain,38.357446,-0.492724
103,90089,Italy,FRG,1982,Spain,40.453053999999995,-3.6883440000000003
104,87148,England,Uruguay,1966,England,51.550501000000004,-0.3048409
105,36127,FRG,Switzerland,1966,England,53.408005,-1.508366
106,47308,Brazil,Bulgaria,1966,England,53.438894999999995,-2.9670919999999996
107,23006,Soviet Union,North Korea,1966,England,54.562676,-1.2453317
108,69237,France,Mexico,1966,England,51.550501000000004,-0.3048409
109,42738,Argentina,Spain,1966,England,52.509896,-1.885852
110,29886,Portugal,Hungary,1966,England,53.463058999999994,-2.29134
111,27199,Italy,Chile,1966,England,54.924924,-1.369543
112,45662,Uruguay,France,1966,England,51.5134357,-0.2323103
113,32028,Spain,Switzerland,1966,England,53.408005,-1.508366
114,51387,Hungary,Brazil,1966,England,53.438894999999995,-2.9670919999999996
115,13792,North Korea,Chile,1966,England,54.562676,-1.2453317
116,46587,FRG,Argentina,1966,England,52.509896,-1.885852
117,25438,Portugal,Bulgaria,1966,England,53.463058999999994,-2.29134
118,27793,Soviet Union,Italy,1966,England,54.924924,-1.369543
119,92570,England,Mexico,1966,England,51.550501000000004,-0.3048409
120,61112,Mexico,Uruguay,1966,England,51.550501000000004,-0.3048409
121,32127,Argentina,Switzerland,1966,England,53.408005,-1.508366
122,58479,Portugal,Brazil,1966,England,53.438894999999995,-2.9670919999999996
123,17829,North Korea,Italy,1966,England,54.562676,-1.2453317
124,98270,England,France,1966,England,51.550501000000004,-0.3048409
125,45187,FRG,Spain,1966,England,52.509896,-1.885852
126,24129,Hungary,Bulgaria,1966,England,53.463058999999994,-2.29134
127,16027,Soviet Union,Chile,1966,England,54.924924,-1.369543
128,40007,FRG,Uruguay,1966,England,53.408005,-1.508366
129,40248,Portugal,North Korea,1966,England,53.438894999999995,-2.9670919999999996
130,22103,Soviet Union,Hungary,1966,England,54.924924,-1.369543
131,90584,England,Argentina,1966,England,51.550501000000004,-0.3048409
132,38273,FRG,Soviet Union,1966,England,53.438894999999995,-2.9670919999999996
133,94493,England,Portugal,1966,England,51.550501000000004,-0.3048409
134,87696,Portugal,Soviet Union,1966,England,51.550501000000004,-0.3048409
135,93802,England,FRG,1966,England,51.550501000000004,-0.3048409
136,62103,Brazil,Croatia,2014,Brazil,,
137,39216,Mexico,Cameroon,2014,Brazil,-5.826827,-35.21243
138,48173,Spain,Netherlands,2014,Brazil,-12.97883,-38.504371
139,40275,Chile,Australia,2014,Brazil,-15.604017,-56.121632
140,57174,Colombia,Greece,2014,Brazil,-19.9245192,-43.9352685
141,58679,Uruguay,Costa Rica,2014,Brazil,-3.7318616000000002,-38.5266704
142,39800,England,Italy,2014,Brazil,-3.1190275,-60.0217314
143,40267,Ivory Coast,Japan,2014,Brazil,-8.04065,-35.008205
144,68351,Switzerland,Ecuador,2014,Brazil,-15.783519,-47.899211
145,43012,France,Honduras,2014,Brazil,-30.065065999999998,-51.2365144
146,74738,Argentina,Bosnia-Herzegovina,2014,Brazil,-22.9082998,-43.1970773
147,51081,Germany,Portugal,2014,Brazil,-12.97883,-38.504371
148,39081,Iran,Nigeria,2014,Brazil,-25.448211999999998,-49.276987
149,39760,Ghana,USA,2014,Brazil,-5.826827,-35.21243
150,56800,Belgium,Algeria,2014,Brazil,-19.9245192,-43.9352685
151,60342,Brazil,Mexico,2014,Brazil,-3.7318616000000002,-38.5266704
152,37603,Russia,South Korea,2014,Brazil,-15.604017,-56.121632
153,42877,Australia,Netherlands,2014,Brazil,-30.065065999999998,-51.2365144
154,74101,Spain,Chile,2014,Brazil,-22.9082998,-43.1970773
155,39982,Cameroon,Croatia,2014,Brazil,-3.1190275,-60.0217314
156,68748,Colombia,Ivory Coast,2014,Brazil,-15.783519,-47.899211
157,62575,Uruguay,England,2014,Brazil,,
158,39485,Japan,Greece,2014,Brazil,-5.826827,-35.21243
159,40285,Italy,Costa Rica,2014,Brazil,-8.04065,-35.008205
160,51003,Switzerland,France,2014,Brazil,-12.97883,-38.504371
161,39224,Honduras,Ecuador,2014,Brazil,-25.448211999999998,-49.276987
162,57698,Argentina,Iran,2014,Brazil,-19.9245192,-43.9352685
163,59621,Germany,Ghana,2014,Brazil,-3.7318616000000002,-38.5266704
164,40499,Nigeria,Bosnia-Herzegovina,2014,Brazil,-15.604017,-56.121632
165,73819,Belgium,Russia,2014,Brazil,-22.9082998,-43.1970773
166,42732,South Korea,Algeria,2014,Brazil,-30.065065999999998,-51.2365144
167,40123,USA,Portugal,2014,Brazil,-3.1190275,-60.0217314
168,39375,Australia,Spain,2014,Brazil,-25.448211999999998,-49.276987
169,62996,Netherlands,Chile,2014,Brazil,,
170,69112,Cameroon,Brazil,2014,Brazil,-15.783519,-47.899211
171,41212,Croatia,Mexico,2014,Brazil,-8.04065,-35.008205
172,39706,Italy,Uruguay,2014,Brazil,-5.826827,-35.21243
173,57823,Costa Rica,England,2014,Brazil,-19.9245192,-43.9352685
174,40340,Japan,Colombia,2014,Brazil,-15.604017,-56.121632
175,59095,Greece,Ivory Coast,2014,Brazil,-3.7318616000000002,-38.5266704
176,43285,Nigeria,Argentina,2014,Brazil,-30.065065999999998,-51.2365144
177,48011,Bosnia-Herzegovina,Iran,2014,Brazil,-12.97883,-38.504371
178,40322,Honduras,Switzerland,2014,Brazil,-3.1190275,-60.0217314
179,73749,Ecuador,France,2014,Brazil,-22.9082998,-43.1970773
180,41876,USA,Germany,2014,Brazil,-8.04065,-35.008205
181,67540,Portugal,Ghana,2014,Brazil,-15.783519,-47.899211
182,61397,South Korea,Belgium,2014,Brazil,,
183,39311,Algeria,Russia,2014,Brazil,-25.448211999999998,-49.276987
184,57714,Brazil,Chile,2014,Brazil,-19.9245192,-43.9352685
185,73804,Colombia,Uruguay,2014,Brazil,-22.9082998,-43.1970773
186,58817,Netherlands,Mexico,2014,Brazil,-3.7318616000000002,-38.5266704
187,41242,Costa Rica,Greece,2014,Brazil,-8.04065,-35.008205
188,67882,France,Nigeria,2014,Brazil,-15.783519,-47.899211
189,43063,Germany,Algeria,2014,Brazil,-30.065065999999998,-51.2365144
190,63255,Argentina,Switzerland,2014,Brazil,,
191,51227,Belgium,USA,2014,Brazil,-12.97883,-38.504371
192,74240,France,Germany,2014,Brazil,-22.9082998,-43.1970773
193,60342,Brazil,Colombia,2014,Brazil,-3.7318616000000002,-38.5266704
194,68551,Argentina,Belgium,2014,Brazil,-15.783519,-47.899211
195,51179,Netherlands,Costa Rica,2014,Brazil,-12.97883,-38.504371
196,58141,Brazil,Germany,2014,Brazil,-19.9245192,-43.9352685
197,63267,Netherlands,Argentina,2014,Brazil,,
198,68034,Brazil,Netherlands,2014,Brazil,-15.783519,-47.899211
199,74738,Germany,Argentina,2014,Brazil,-22.9082998,-43.1970773
200,4444,France,Mexico,1930,Uruguay,-34.9085301,-56.1504057
201,18436,USA,Belgium,1930,Uruguay,-34.884969,-56.15922
202,24059,Yugoslavia,Brazil,1930,Uruguay,-34.884969,-56.15922
203,2000,Romania,Peru,1930,Uruguay,-34.9085301,-56.1504057
204,23409,Argentina,France,1930,Uruguay,-34.884969,-56.15922
205,9249,Chile,Mexico,1930,Uruguay,-34.884969,-56.15922
206,18306,Yugoslavia,Bolivia,1930,Uruguay,-34.884969,-56.15922
207,18306,USA,Paraguay,1930,Uruguay,-34.884969,-56.15922
208,57735,Uruguay,Peru,1930,Uruguay,-34.894834,-56.153668
209,42100,Chile,France,1930,Uruguay,-34.894834,-56.153668
210,42100,Argentina,Mexico,1930,Uruguay,-34.894834,-56.153668
211,25466,Brazil,Bolivia,1930,Uruguay,-34.894834,-56.153668
212,25466,Paraguay,Belgium,1930,Uruguay,-34.894834,-56.153668
213,70022,Uruguay,Romania,1930,Uruguay,-34.894834,-56.153668
214,41459,Argentina,Chile,1930,Uruguay,-34.894834,-56.153668
215,72886,Argentina,USA,1930,Uruguay,-34.894834,-56.153668
216,79867,Uruguay,Yugoslavia,1930,Uruguay,-34.894834,-56.153668
217,68346,Uruguay,Argentina,1930,Uruguay,-34.894834,-56.153668
218,95000,Bulgaria,Italy,1986,Mexico,19.302861,-99.15052800000001
219,35748,Spain,Brazil,1986,Mexico,20.704995,-103.328177
220,35748,Canada,France,1986,Mexico,21.117303,-101.666599
221,40000,Argentina,South Korea,1986,Mexico,19.2461483,-103.7012399
222,16500,Soviet Union,Hungary,1986,Mexico,20.689401699999998,-101.3689291
223,19694,Morocco,Poland,1986,Mexico,25.722520000000003,-100.312022
224,110000,Belgium,Mexico,1986,Mexico,19.302861,-99.15052800000001
225,22000,Algeria,Northern Ireland,1986,Mexico,20.693721,-103.416123
226,19998,Portugal,England,1986,Mexico,25.652274,-100.28641400000001
227,24000,Paraguay,Iraq,1986,Mexico,19.287273000000003,-99.666849
228,30500,Uruguay,FRG,1986,Mexico,20.5426931,-100.4512523
229,18000,Scotland,Denmark,1986,Mexico,19.405818,-98.987052
230,32000,Italy,Argentina,1986,Mexico,19.07785,-98.16441
231,36540,France,Soviet Union,1986,Mexico,21.117303,-101.666599
232,45000,South Korea,Bulgaria,1986,Mexico,19.2461483,-103.7012399
233,13800,Hungary,Canada,1986,Mexico,20.689401699999998,-101.3689291
234,47000,Brazil,Algeria,1986,Mexico,20.704995,-103.328177
235,20200,England,Morocco,1986,Mexico,25.652274,-100.28641400000001
236,114600,Mexico,Paraguay,1986,Mexico,19.302861,-99.15052800000001
237,28000,Northern Ireland,Spain,1986,Mexico,20.693721,-103.416123
238,19915,Poland,Portugal,1986,Mexico,25.722520000000003,-100.312022
239,10000,Iraq,Belgium,1986,Mexico,19.287273000000003,-99.666849
240,25000,FRG,Scotland,1986,Mexico,20.5426931,-100.4512523
241,26500,Denmark,Uruguay,1986,Mexico,19.405818,-98.987052
242,31420,Hungary,France,1986,Mexico,21.117303,-101.666599
243,14200,Soviet Union,Canada,1986,Mexico,20.689401699999998,-101.3689291
244,20000,South Korea,Italy,1986,Mexico,19.07785,-98.16441
245,45000,Argentina,Bulgaria,1986,Mexico,19.2461483,-103.7012399
246,10000,Paraguay,Belgium,1986,Mexico,19.287273000000003,-99.666849
247,103763,Iraq,Mexico,1986,Mexico,19.302861,-99.15052800000001
248,22600,England,Poland,1986,Mexico,25.722520000000003,-100.312022
249,18000,Portugal,Morocco,1986,Mexico,20.704995,-103.328177
250,46500,Northern Ireland,Brazil,1986,Mexico,20.704995,-103.328177
251,23980,Algeria,Spain,1986,Mexico,25.652274,-100.28641400000001
252,28500,Denmark,FRG,1986,Mexico,20.5426931,-100.4512523
253,20000,Scotland,Uruguay,1986,Mexico,19.405818,-98.987052
254,114580,MÃ©xico,Bulgaria,1986,Mexico,19.302861,-99.15052800000001
255,32277,Soviet Union,Belgium,1986,Mexico,21.117303,-101.666599
256,45000,Brazil,Poland,1986,Mexico,20.704995,-103.328177
257,26000,Argentina,Uruguay,1986,Mexico,19.07785,-98.16441
258,71449,Italy,France,1986,Mexico,19.2461483,-103.7012399
259,19800,Morocco,FRG,1986,Mexico,25.722520000000003,-100.312022
260,98728,England,Paraguay,1986,Mexico,19.302861,-99.15052800000001
261,38500,Denmark,Spain,1986,Mexico,20.5426931,-100.4512523
262,65677,Brazil,France,1986,Mexico,20.704995,-103.328177
263,44386,FRG,Mexico,1986,Mexico,25.722520000000003,-100.312022
264,114580,Argentina,England,1986,Mexico,19.302861,-99.15052800000001
265,45000,Spain,Belgium,1986,Mexico,19.07785,-98.16441
266,47500,France,FRG,1986,Mexico,20.704995,-103.328177
267,110420,Argentina,Belgium,1986,Mexico,19.302861,-99.15052800000001
268,21500,France,Belgium,1986,Mexico,19.07785,-98.16441
269,114580,Argentina,FRG,1986,Mexico,19.302861,-99.15052800000001
270,27152,Switzerland,Germany,1938,France,48.841784999999994,2.252239
271,18826,Italy,Norway,1938,France,43.269827,5.395887
272,30454,France,Belgium,1938,France,48.929266,2.247777
273,9091,Hungary,Dutch East Indies,1938,France,49.258328999999996,4.031696
274,6707,Cuba,Romania,1938,France,43.609095,1.418115
275,13452,Brazil,Poland,1938,France,48.560037,7.755125
276,10550,Czechoslovakia,Netherlands,1938,France,49.49437,0.107929
277,20025,Switzerland,Germany,1938,France,48.841784999999994,2.252239
278,7536,Cuba,Romania,1938,France,43.609095,1.418115
279,58455,Italy,France,1938,France,48.929266,2.247777
280,22021,Brazil,Czechoslovakia,1938,France,44.829236,-0.598309
281,14800,Hungary,Switzerland,1938,France,50.62925,3.057256
282,6846,Sweden,Cuba,1938,France,43.589005,7.127802
283,18141,Brazil,Czechoslovakia,1938,France,44.829236,-0.598309
284,33000,Italy,Brazil,1938,France,43.269827,5.395887
285,20155,Hungary,Sweden,1938,France,48.841784999999994,2.252239
286,12500,Brazil,Sweden,1938,France,44.829236,-0.598309
287,45124,Italy,Hungary,1938,France,48.929266,2.247777
288,81649,Brazil,Mexico,1950,Brazil,-22.912109,-43.230156
289,29703,England,Chile,1950,Brazil,-22.912109,-43.230156
290,9511,Spain,USA,1950,Brazil,-25.439496,-49.255834
291,36502,Sweden,Italy,1950,Brazil,-21.563131,-51.265843200000006
292,7336,Yugoslavia,Switzerland,1950,Brazil,-19.908352,-43.916940999999994
293,42032,Brazil,Switzerland,1950,Brazil,-21.563131,-51.265843200000006
294,11078,Yugoslavia,Mexico,1950,Brazil,-30.031097999999997,-51.155026
295,19790,Spain,Chile,1950,Brazil,-22.912109,-43.230156
296,7903,Sweden,Paraguay,1950,Brazil,-25.439496,-49.255834
297,10151,USA,England,1950,Brazil,-19.908352,-43.916940999999994
298,142429,Brazil,Yugoslavia,1950,Brazil,-22.912109,-43.230156
299,74462,Spain,England,1950,Brazil,-22.912109,-43.230156
300,25811,Italy,Paraguay,1950,Brazil,-21.563131,-51.265843200000006
301,5284,Uruguay,Bolivia,1950,Brazil,-19.908352,-43.916940999999994
302,3580,Switzerland,Mexico,1950,Brazil,-30.031097999999997,-51.155026
303,8501,Chile,USA,1950,Brazil,-8.0649019,-34.9051721
304,138886,Brazil,Sweden,1950,Brazil,-22.912109,-43.230156
305,44802,Uruguay,Spain,1950,Brazil,-21.563131,-51.265843200000006
306,7987,Uruguay,Sweden,1950,Brazil,-21.563131,-51.265843200000006
307,152772,Brazil,Spain,1950,Brazil,-22.912109,-43.230156
308,11227,Sweden,Spain,1950,Brazil,-21.563131,-51.265843200000006
309,179854,Uruguay,Brazil,1950,Brazil,-22.912109,-43.230156
310,63117,Germany,Bolivia,1994,USA,41.862313,-87.616688
311,56247,Spain,South Korea,1994,USA,32.779018,-96.76033100000001
312,74826,Italy,Ireland,1994,USA,40.81284,-74.074209
313,91865,Colombia,Romania,1994,USA,34.161328000000005,-118.16764599999999
314,73425,USA,Switzerland,1994,USA,42.645790000000005,-83.254856
315,60790,Belgium,Morocco,1994,USA,28.538604,-81.402564
316,52359,Norway,Mexico,1994,USA,38.890104,-76.971799
317,83959,Cameroon,Sweden,1994,USA,34.161328000000005,-118.16764599999999
318,52535,Netherlands,Saudi Arabia,1994,USA,38.890104,-76.971799
319,81061,Brazil,Russia,1994,USA,37.433974,-122.16190300000001
320,53486,Argentina,Greece,1994,USA,42.090946,-71.264346
321,63113,Germany,Spain,1994,USA,41.862313,-87.616688
322,44932,Nigeria,Bulgaria,1994,USA,32.779018,-96.76033100000001
323,61428,Romania,Switzerland,1994,USA,42.645790000000005,-83.254856
324,93194,USA,Colombia,1994,USA,34.161328000000005,-118.16764599999999
325,74624,Italy,Norway,1994,USA,40.81284,-74.074209
326,53456,South Korea,Bolivia,1994,USA,42.090946,-71.264346
327,61219,Mexico,Ireland,1994,USA,28.538604,-81.402564
328,83401,Brazil,Cameroon,1994,USA,37.433974,-122.16190300000001
329,71528,Sweden,Russia,1994,USA,42.645790000000005,-83.254856
330,72404,Saudi Arabia,Morocco,1994,USA,40.81284,-74.074209
331,62387,Belgium,Netherlands,1994,USA,28.538604,-81.402564
332,54453,Argentina,Nigeria,1994,USA,42.090946,-71.264346
333,63160,Bulgaria,Greece,1994,USA,41.862313,-87.616688
334,83769,Switzerland,Colombia,1994,USA,37.433974,-122.16190300000001
335,93869,USA,Romania,1994,USA,34.161328000000005,-118.16764599999999
336,63089,Bolivia,Spain,1994,USA,41.862313,-87.616688
337,63998,Germany,South Korea,1994,USA,32.779018,-96.76033100000001
338,53186,Italy,Mexico,1994,USA,38.890104,-76.971799
339,76322,Ireland,Norway,1994,USA,40.81284,-74.074209
340,74914,Russia,Cameroon,1994,USA,37.433974,-122.16190300000001
341,77217,Brazil,Sweden,1994,USA,42.645790000000005,-83.254856
342,52959,Belgium,Saudi Arabia,1994,USA,38.890104,-76.971799
343,60578,Morocco,Netherlands,1994,USA,28.538604,-81.402564
344,63998,Argentina,Bulgaria,1994,USA,32.779018,-96.76033100000001
345,53001,Greece,Nigeria,1994,USA,42.090946,-71.264346
346,60246,Germany,Belgium,1994,USA,41.862313,-87.616688
347,53121,Spain,Switzerland,1994,USA,38.890104,-76.971799
348,60277,Saudi Arabia,Sweden,1994,USA,32.779018,-96.76033100000001
349,90469,Romania,Argentina,1994,USA,34.161328000000005,-118.16764599999999
350,61355,Netherlands,Ireland,1994,USA,28.538604,-81.402564
351,84147,Brazil,USA,1994,USA,37.433974,-122.16190300000001
352,54367,Nigeria,Italy,1994,USA,42.090946,-71.264346
353,71030,Mexico,Bulgaria,1994,USA,40.81284,-74.074209
354,54605,Italy,Spain,1994,USA,42.090946,-71.264346
355,63998,Netherlands,Brazil,1994,USA,32.779018,-96.76033100000001
356,72416,Bulgaria,Germany,1994,USA,40.81284,-74.074209
357,81715,Romania,Sweden,1994,USA,37.433974,-122.16190300000001
358,77094,Bulgaria,Italy,1994,USA,40.81284,-74.074209
359,84569,Sweden,Brazil,1994,USA,34.161328000000005,-118.16764599999999
360,83716,Sweden,Bulgaria,1994,USA,34.161328000000005,-118.16764599999999
361,94194,Brazil,Italy,1994,USA,34.161328000000005,-118.16764599999999
362,80000,Brazil,Scotland,1998,France,48.9175,2.361655
363,28750,Morocco,Norway,1998,France,43.622151,3.812239
364,31800,Italy,Chile,1998,France,44.829236,-0.598309
365,37500,Cameroon,Austria,1998,France,43.582963,1.435129
366,27650,Paraguay,Bulgaria,1998,France,43.622151,3.812239
367,38140,Saudi Arabia,Denmark,1998,France,50.432361,2.81633
368,55077,France,South Africa,1998,France,43.269827,5.395887
369,33257,Spain,Nigeria,1998,France,47.258228,-1.511654
370,37588,South Korea,Mexico,1998,France,45.723698999999996,4.83214
371,75000,Netherlands,Belgium,1998,France,48.9175,2.361655
372,33400,Argentina,Japan,1998,France,43.582963,1.435129
373,30392,Yugoslavia,Iran,1998,France,45.460834000000006,4.390168
374,38058,Jamaica,Croatia,1998,France,50.432361,2.81633
375,54587,England,Tunisia,1998,France,43.269827,5.395887
376,37572,Romania,Colombia,1998,France,45.723698999999996,4.83214
377,43815,Germany,USA,1998,France,48.841784999999994,2.252239
378,30236,Scotland,Norway,1998,France,44.829236,-0.598309
379,33266,Brazil,Morocco,1998,France,47.258228,-1.511654
380,30392,Chile,Austria,1998,France,45.460834000000006,4.390168
381,35000,Italy,Cameroon,1998,France,43.622151,3.812239
382,36500,South Africa,Denmark,1998,France,43.582963,1.435129
383,75000,France,Saudi Arabia,1998,France,48.9175,2.361655
384,48500,Nigeria,Bulgaria,1998,France,48.841784999999994,2.252239
385,35300,Spain,Paraguay,1998,France,45.460834000000006,4.390168
386,39000,Japan,Croatia,1998,France,47.258228,-1.511654
387,34750,Belgium,Mexico,1998,France,44.829236,-0.598309
388,55000,Netherlands,South Korea,1998,France,43.269827,5.395887
389,41275,Germany,Yugoslavia,1998,France,50.432361,2.81633
390,48500,Argentina,Jamaica,1998,France,48.841784999999994,2.252239
391,44000,USA,Iran,1998,France,45.723698999999996,4.83214
392,35500,Colombia,Tunisia,1998,France,43.622151,3.812239
393,37500,Romania,England,1998,France,43.582963,1.435129
394,39000,Chile,Cameroon,1998,France,47.258228,-1.511654
395,75000,Italy,Austria,1998,France,48.9175,2.361655
396,60000,Brazil,Norway,1998,France,43.269827,5.395887
397,35500,Scotland,Morocco,1998,France,45.460834000000006,4.390168
398,43500,France,Denmark,1998,France,45.723698999999996,4.83214
399,34500,South Africa,Saudi Arabia,1998,France,44.829236,-0.598309
400,37500,Nigeria,Paraguay,1998,France,43.582963,1.435129
401,41275,Spain,Bulgaria,1998,France,50.432361,2.81633
402,35500,Netherlands,Mexico,1998,France,45.460834000000006,4.390168
403,48500,Belgium,South Korea,1998,France,48.841784999999994,2.252239
404,39000,USA,Yugoslavia,1998,France,47.258228,-1.511654
405,35500,Germany,Iran,1998,France,43.622151,3.812239
406,36500,Argentina,Croatia,1998,France,44.829236,-0.598309
407,43500,Japan,Jamaica,1998,France,45.723698999999996,4.83214
408,41275,Colombia,England,1998,France,50.432361,2.81633
409,80000,Romania,Tunisia,1998,France,48.9175,2.361655
410,60000,Italy,Norway,1998,France,43.269827,5.395887
411,48500,Brazil,Chile,1998,France,48.841784999999994,2.252239
412,41275,France,Paraguay,1998,France,50.432361,2.81633
413,79500,Nigeria,Denmark,1998,France,48.9175,2.361655
414,35000,Germany,Mexico,1998,France,43.622151,3.812239
415,37500,Netherlands,Yugoslavia,1998,France,43.582963,1.435129
416,34700,Romania,Croatia,1998,France,44.829236,-0.598309
417,35500,Argentina,England,1998,France,45.460834000000006,4.390168
418,77000,Italy,France,1998,France,48.9175,2.361655
419,35500,Brazil,Denmark,1998,France,47.258228,-1.511654
420,55000,Netherlands,Argentina,1998,France,43.269827,5.395887
421,39100,Germany,Croatia,1998,France,45.723698999999996,4.83214
422,54000,Brazil,Netherlands,1998,France,43.269827,5.395887
423,76000,France,Croatia,1998,France,48.9175,2.361655
424,45500,Croatia,Netherlands,1998,France,48.841784999999994,2.252239
425,75000,France,Brazil,1998,France,48.9175,2.361655
426,73780,Argentina,Cameroon,1990,Italy,45.478124,9.123961999999999
427,42907,Soviet Union,Romania,1990,Italy,41.130314,16.870138
428,30791,United Arab Emirates,Colombia,1990,Italy,44.492278999999996,11.309973
429,72303,Italy,Austria,1990,Italy,41.934067999999996,12.454709
430,33266,USA,Czechoslovakia,1990,Italy,43.780668,11.282653
431,62628,Brazil,Sweden,1990,Italy,45.09261,7.652191999999999
432,74765,FRG,Yugoslavia,1990,Italy,45.478124,9.123961999999999
433,30867,Costa Rica,Scotland,1990,Italy,44.416409,8.952494999999999
434,35238,England,Ireland,1990,Italy,39.191636100000004,9.1374273
435,32790,Belgium,South Korea,1990,Italy,45.435302,10.968625999999999
436,33288,Netherlands,Egypt,1990,Italy,38.147332,13.343924
437,35713,Uruguay,Spain,1990,Italy,46.081783,13.200774
438,55759,Argentina,Soviet Union,1990,Italy,40.711892799999994,14.543223800000002
439,38687,Cameroon,Romania,1990,Italy,41.130314,16.870138
440,32257,Yugoslavia,Colombia,1990,Italy,44.492278999999996,11.309973
441,73423,Italy,USA,1990,Italy,41.934067999999996,12.454709
442,38962,Austria,Czechoslovakia,1990,Italy,43.780668,11.282653
443,71167,FRG,United Arab Emirates,1990,Italy,45.478124,9.123961999999999
444,58007,Brazil,Costa Rica,1990,Italy,45.09261,7.652191999999999
445,35267,England,Netherlands,1990,Italy,39.191636100000004,9.1374273
446,31823,Sweden,Scotland,1990,Italy,44.416409,8.952494999999999
447,32733,South Korea,Spain,1990,Italy,46.081783,13.200774
448,33759,Belgium,Uruguay,1990,Italy,45.435302,10.968625999999999
449,33288,Ireland,Egypt,1990,Italy,38.147332,13.343924
450,37307,Cameroon,Soviet Union,1990,Italy,41.130314,16.870138
451,52733,Argentina,Romania,1990,Italy,40.711892799999994,14.543223800000002
452,72510,FRG,Colombia,1990,Italy,45.478124,9.123961999999999
453,27833,Yugoslavia,United Arab Emirates,1990,Italy,44.492278999999996,11.309973
454,34857,Austria,USA,1990,Italy,43.780668,11.282653
455,73303,Italy,Czechoslovakia,1990,Italy,41.934067999999996,12.454709
456,62502,Brazil,Scotland,1990,Italy,45.09261,7.652191999999999
457,30223,Sweden,Costa Rica,1990,Italy,44.416409,8.952494999999999
458,29039,South Korea,Uruguay,1990,Italy,46.081783,13.200774
459,35950,Belgium,Spain,1990,Italy,45.435302,10.968625999999999
460,34959,England,Egypt,1990,Italy,39.191636100000004,9.1374273
461,33288,Ireland,Netherlands,1990,Italy,38.147332,13.343924
462,50026,Cameroon,Colombia,1990,Italy,40.711892799999994,14.543223800000002
463,47673,Czechoslovakia,Costa Rica,1990,Italy,41.130314,16.870138
464,61381,Brazil,Argentina,1990,Italy,45.09261,7.652191999999999
465,74559,FRG,Netherlands,1990,Italy,45.478124,9.123961999999999
466,31818,Ireland,Romania,1990,Italy,44.416409,8.952494999999999
467,73303,Italy,Uruguay,1990,Italy,41.934067999999996,12.454709
468,34822,Spain,Yugoslavia,1990,Italy,45.435302,10.968625999999999
469,34520,England,Belgium,1990,Italy,44.492278999999996,11.309973
470,38971,Yugoslavia,Argentina,1990,Italy,43.780668,11.282653
471,73303,Italy,Ireland,1990,Italy,41.934067999999996,12.454709
472,73347,FRG,Czechoslovakia,1990,Italy,45.478124,9.123961999999999
473,55205,England,Cameroon,1990,Italy,40.711892799999994,14.543223800000002
474,59978,Italy,Argentina,1990,Italy,40.711892799999994,14.543223800000002
475,62628,FRG,England,1990,Italy,45.09261,7.652191999999999
476,51426,Italy,England,1990,Italy,41.130314,16.870138
477,73603,FRG,Argentina,1990,Italy,41.934067999999996,12.454709
478,67579,FRG,Poland,1978,Argentina,-34.545306,-58.449775
479,42653,Italy,France,1978,Argentina,-38.018035,-57.582294
480,17396,Tunisia,Mexico,1978,Argentina,-32.914102,-60.674602
481,71615,Argentina,Hungary,1978,Argentina,-34.545306,-58.449775
482,40841,Austria,Spain,1978,Argentina,-34.634555,-58.514036
483,38618,Sweden,Brazil,1978,Argentina,-38.018035,-57.582294
484,37927,Peru,Scotland,1978,Argentina,-31.368864000000002,-64.246113
485,33431,Netherlands,Iran,1978,Argentina,-32.88497,-68.80185490000001
486,26533,Italy,Hungary,1978,Argentina,-38.018035,-57.582294
487,35258,FRG,Mexico,1978,Argentina,-31.368864000000002,-64.246113
488,9624,Poland,Tunisia,1978,Argentina,-32.914102,-60.674602
489,71666,Argentina,France,1978,Argentina,-34.545306,-58.449775
490,41424,Austria,Sweden,1978,Argentina,-34.634555,-58.514036
491,34771,Brazil,Spain,1978,Argentina,-38.018035,-57.582294
492,7938,Scotland,Iran,1978,Argentina,-31.368864000000002,-64.246113
493,28125,Netherlands,Peru,1978,Argentina,-32.88497,-68.80185490000001
494,23127,France,Hungary,1978,Argentina,-38.018035,-57.582294
495,30667,FRG,Tunisia,1978,Argentina,-31.368864000000002,-64.246113
496,22651,Poland,Mexico,1978,Argentina,-32.914102,-60.674602
497,71772,Italy,Argentina,1978,Argentina,-34.545306,-58.449775
498,42132,Spain,Sweden,1978,Argentina,-34.634555,-58.514036
499,35221,Brazil,Austria,1978,Argentina,-38.018035,-57.582294
500,21262,Peru,Iran,1978,Argentina,-31.368864000000002,-64.246113
501,35130,Scotland,Netherlands,1978,Argentina,-32.88497,-68.80185490000001
502,25050,Netherlands,Austria,1978,Argentina,-31.368864000000002,-64.246113
503,67547,FRG,Italy,1978,Argentina,-34.545306,-58.449775
504,31278,Brazil,Peru,1978,Argentina,-32.88497,-68.80185490000001
505,37091,Argentina,Poland,1978,Argentina,-32.914102,-60.674602
506,35288,Poland,Peru,1978,Argentina,-32.88497,-68.80185490000001
507,40750,FRG,Netherlands,1978,Argentina,-31.368864000000002,-64.246113
508,66695,Italy,Austria,1978,Argentina,-34.545306,-58.449775
509,37326,Argentina,Brazil,1978,Argentina,-32.914102,-60.674602
510,38318,Austria,FRG,1978,Argentina,-31.368864000000002,-64.246113
511,67433,Netherlands,Italy,1978,Argentina,-34.545306,-58.449775
512,39586,Brazil,Poland,1978,Argentina,-32.88497,-68.80185490000001
513,37326,Argentina,Peru,1978,Argentina,-32.914102,-60.674602
514,69659,Brazil,Italy,1978,Argentina,-34.545306,-58.449775
515,71483,Argentina,Netherlands,1978,Argentina,-34.545306,-58.449775
516,64950,Germany,Costa Rica,2006,Germany,48.2188,11.624707
517,52000,Poland,Ecuador,2006,Germany,51.555243,7.066457000000001
518,48000,England,Paraguay,2006,Germany,50.069555,8.646306
519,62959,Trinidad and Tobago,Sweden,2006,Germany,51.492502,7.4510309999999995
520,49480,Argentina,Ivory Coast,2006,Germany,53.587128,9.8986
521,37216,Serbia-Montenegro,Netherlands,2006,Germany,51.339695500000005,12.373074699999998
522,41000,Mexico,Iran,2006,Germany,49.416024,11.123408
523,45000,Angola,Portugal,2006,Germany,50.933525,6.87443
524,46000,Australia,Japan,2006,Germany,49.434171,7.776807000000001
525,52000,USA,Czech Republic,2006,Germany,51.555243,7.066457000000001
526,43000,Italy,Ghana,2006,Germany,52.361571999999995,9.71687
527,48000,South Korea,Togo,2006,Germany,50.069555,8.646306
528,52000,France,Switzerland,2006,Germany,48.791715,9.231515
529,72000,Brazil,Croatia,2006,Germany,52.514697,13.239498999999999
530,43000,Spain,Ukraine,2006,Germany,51.339695500000005,12.373074699999998
531,66000,Tunisia,Saudi Arabia,2006,Germany,48.2188,11.624707
532,65000,Germany,Poland,2006,Germany,51.492502,7.4510309999999995
533,50000,Ecuador,Costa Rica,2006,Germany,53.587128,9.8986
534,41000,England,Trinidad and Tobago,2006,Germany,49.416024,11.123408
535,72000,Sweden,Paraguay,2006,Germany,52.514697,13.239498999999999
536,52000,Argentina,Serbia-Montenegro,2006,Germany,51.555243,7.066457000000001
537,52000,Netherlands,Ivory Coast,2006,Germany,48.791715,9.231515
538,43000,Mexico,Angola,2006,Germany,52.361571999999995,9.71687
539,48000,Portugal,Iran,2006,Germany,50.069555,8.646306
540,45000,Czech Republic,Ghana,2006,Germany,50.933525,6.87443
541,46000,Italy,USA,2006,Germany,49.434171,7.776807000000001
542,41000,Japan,Croatia,2006,Germany,49.416024,11.123408
543,66000,Brazil,Australia,2006,Germany,48.2188,11.624707
544,43000,France,South Korea,2006,Germany,51.339695500000005,12.373074699999998
545,65000,Togo,Switzerland,2006,Germany,51.492502,7.4510309999999995
546,50000,Saudi Arabia,Ukraine,2006,Germany,53.587128,9.8986
547,52000,Spain,Tunisia,2006,Germany,48.791715,9.231515
548,72000,Ecuador,Germany,2006,Germany,52.514697,13.239498999999999
549,43000,Costa Rica,Poland,2006,Germany,52.361571999999995,9.71687
550,45000,Sweden,England,2006,Germany,50.933525,6.87443
551,46000,Paraguay,Trinidad and Tobago,2006,Germany,49.434171,7.776807000000001
552,52000,Portugal,Mexico,2006,Germany,51.555243,7.066457000000001
553,38000,Iran,Angola,2006,Germany,51.339695500000005,12.373074699999998
554,48000,Netherlands,Argentina,2006,Germany,50.069555,8.646306
555,66000,Ivory Coast,Serbia-Montenegro,2006,Germany,48.2188,11.624707
556,50000,Czech Republic,Italy,2006,Germany,53.587128,9.8986
557,41000,Ghana,USA,2006,Germany,49.416024,11.123408
558,65000,Japan,Brazil,2006,Germany,51.492502,7.4510309999999995
559,52000,Croatia,Australia,2006,Germany,48.791715,9.231515
560,46000,Saudi Arabia,Spain,2006,Germany,49.434171,7.776807000000001
561,72000,Ukraine,Tunisia,2006,Germany,52.514697,13.239498999999999
562,45000,Togo,France,2006,Germany,50.933525,6.87443
563,43000,Switzerland,South Korea,2006,Germany,52.361571999999995,9.71687
564,66000,Germany,Sweden,2006,Germany,48.2188,11.624707
565,43000,Argentina,Mexico,2006,Germany,51.339695500000005,12.373074699999998
566,52000,England,Ecuador,2006,Germany,48.791715,9.231515
567,41000,Portugal,Netherlands,2006,Germany,49.416024,11.123408
568,46000,Italy,Australia,2006,Germany,49.434171,7.776807000000001
569,45000,Switzerland,Ukraine,2006,Germany,50.933525,6.87443
570,65000,Brazil,Ghana,2006,Germany,51.492502,7.4510309999999995
571,43000,Spain,France,2006,Germany,52.361571999999995,9.71687
572,72000,Germany,Argentina,2006,Germany,52.514697,13.239498999999999
573,50000,Italy,Ukraine,2006,Germany,53.587128,9.8986
574,52000,England,Portugal,2006,Germany,51.555243,7.066457000000001
575,48000,Brazil,France,2006,Germany,50.069555,8.646306
576,65000,Germany,Italy,2006,Germany,51.492502,7.4510309999999995
577,66000,Portugal,France,2006,Germany,48.2188,11.624707
578,52000,Germany,Portugal,2006,Germany,48.791715,9.231515
579,69000,Italy,France,2006,Germany,52.514697,13.239498999999999
580,107160,Soviet Union,Mexico,1970,Mexico,19.302861,-99.15052800000001
581,20654,Uruguay,Israel,1970,Mexico,19.067714399999996,-98.18781159999999
582,50560,England,Romania,1970,Mexico,20.704995,-103.328177
583,13765,Peru,Bulgaria,1970,Mexico,21.115545,-101.657703
584,92205,Belgium,El Salvador,1970,Mexico,19.302861,-99.15052800000001
585,13433,Italy,Sweden,1970,Mexico,19.3329548,-99.5753607
586,52897,Brazil,Czechoslovakia,1970,Mexico,20.704995,-103.328177
587,12942,FRG,Morocco,1970,Mexico,21.115545,-101.657703
588,95261,Soviet Union,Belgium,1970,Mexico,19.302861,-99.15052800000001
589,29968,Italy,Uruguay,1970,Mexico,19.067714399999996,-98.18781159999999
590,56818,Romania,Czechoslovakia,1970,Mexico,20.704995,-103.328177
591,13537,Peru,Morocco,1970,Mexico,21.115545,-101.657703
592,103058,Mexico,El Salvador,1970,Mexico,19.302861,-99.15052800000001
593,9624,Sweden,Israel,1970,Mexico,19.3329548,-99.5753607
594,70950,Brazil,England,1970,Mexico,20.704995,-103.328177
595,12710,FRG,Bulgaria,1970,Mexico,21.115545,-101.657703
596,89979,Soviet Union,El Salvador,1970,Mexico,19.302861,-99.15052800000001
597,18163,Sweden,Uruguay,1970,Mexico,19.067714399999996,-98.18781159999999
598,50804,Brazil,Romania,1970,Mexico,20.704995,-103.328177
599,17875,FRG,Peru,1970,Mexico,21.115545,-101.657703
600,108192,Mexico,Belgium,1970,Mexico,19.302861,-99.15052800000001
601,9890,Italy,Israel,1970,Mexico,19.3329548,-99.5753607
602,49292,England,Czechoslovakia,1970,Mexico,20.704995,-103.328177
603,12299,Bulgaria,Morocco,1970,Mexico,21.115545,-101.657703
604,96085,Uruguay,Soviet Union,1970,Mexico,19.302861,-99.15052800000001
605,26851,Italy,Mexico,1970,Mexico,19.3329548,-99.5753607
606,54233,Brazil,Peru,1970,Mexico,20.704995,-103.328177
607,23357,FRG,England,1970,Mexico,21.115545,-101.657703
608,51261,Brazil,Uruguay,1970,Mexico,20.704995,-103.328177
609,102444,Italy,FRG,1970,Mexico,19.302861,-99.15052800000001
610,104403,FRG,Uruguay,1970,Mexico,19.302861,-99.15052800000001
611,107412,Brazil,Italy,1970,Mexico,19.302861,-99.15052800000001
612,84490,South Africa,Mexico,2010,South Africa,-26.234757000000002,27.982654999999998
613,64100,Uruguay,France,2010,South Africa,-33.904790999999996,18.409845
614,31513,South Korea,Greece,2010,South Africa,-33.937940000000005,25.599420000000002
615,55686,Argentina,Nigeria,2010,South Africa,-26.197547,28.060879999999997
616,38646,England,USA,2010,South Africa,-25.663339999999998,27.22205
617,30325,Algeria,Slovenia,2010,South Africa,-23.924210000000002,29.465120000000002
618,38833,Serbia,Ghana,2010,South Africa,-25.75327,28.22291
619,62660,Germany,Australia,2010,South Africa,-29.828287,31.029946999999996
620,83465,Netherlands,Denmark,2010,South Africa,-26.234757000000002,27.982654999999998
621,30620,Japan,Cameroon,2010,South Africa,-29.117279999999997,26.208920000000003
622,62869,Italy,Paraguay,2010,South Africa,-33.904790999999996,18.409845
623,23871,New Zealand,Slovakia,2010,South Africa,-25.663339999999998,27.22205
624,37034,Ivory Coast,Portugal,2010,South Africa,-33.937940000000005,25.599420000000002
625,54331,Brazil,North Korea,2010,South Africa,-26.197547,28.060879999999997
626,32664,Honduras,Chile,2010,South Africa,-25.461706,30.929721
627,62453,Spain,Switzerland,2010,South Africa,-29.828287,31.029946999999996
628,42658,South Africa,Uruguay,2010,South Africa,-25.75327,28.22291
629,82174,Argentina,South Korea,2010,South Africa,-26.234757000000002,27.982654999999998
630,31593,Greece,Nigeria,2010,South Africa,-29.117279999999997,26.208920000000003
631,35370,France,Mexico,2010,South Africa,-23.924210000000002,29.465120000000002
632,38294,Germany,Serbia,2010,South Africa,-33.937940000000005,25.599420000000002
633,45573,Slovenia,USA,2010,South Africa,-26.197547,28.060879999999997
634,64100,England,Algeria,2010,South Africa,-33.904790999999996,18.409845
635,62010,Netherlands,Japan,2010,South Africa,-29.828287,31.029946999999996
636,34812,Ghana,Australia,2010,South Africa,-25.663339999999998,27.22205
637,38074,Cameroon,Denmark,2010,South Africa,-25.75327,28.22291
638,26643,Slovakia,Paraguay,2010,South Africa,-29.117279999999997,26.208920000000003
639,38229,Italy,New Zealand,2010,South Africa,-25.461706,30.929721
640,84455,Brazil,Ivory Coast,2010,South Africa,-26.234757000000002,27.982654999999998
641,63644,Portugal,North Korea,2010,South Africa,-33.904790999999996,18.409845
642,34872,Chile,Switzerland,2010,South Africa,-33.937940000000005,25.599420000000002
643,54386,Spain,Honduras,2010,South Africa,-26.197547,28.060879999999997
644,33425,Mexico,Uruguay,2010,South Africa,-25.663339999999998,27.22205
645,39415,France,South Africa,2010,South Africa,-29.117279999999997,26.208920000000003
646,61874,Nigeria,South Korea,2010,South Africa,-29.828287,31.029946999999996
647,38891,Greece,Argentina,2010,South Africa,-23.924210000000002,29.465120000000002
648,36893,Slovenia,England,2010,South Africa,-33.937940000000005,25.599420000000002
649,35827,USA,Algeria,2010,South Africa,-25.75327,28.22291
650,83391,Ghana,Germany,2010,South Africa,-26.234757000000002,27.982654999999998
651,37836,Australia,Serbia,2010,South Africa,-25.461706,30.929721
652,53412,Slovakia,Italy,2010,South Africa,-26.197547,28.060879999999997
653,34850,Paraguay,New Zealand,2010,South Africa,-23.924210000000002,29.465120000000002
654,27967,Denmark,Japan,2010,South Africa,-25.663339999999998,27.22205
655,63093,Cameroon,Netherlands,2010,South Africa,-33.904790999999996,18.409845
656,62712,Portugal,Brazil,2010,South Africa,-29.828287,31.029946999999996
657,34763,North Korea,Ivory Coast,2010,South Africa,-25.461706,30.929721
658,41958,Chile,Spain,2010,South Africa,-25.75327,28.22291
659,28042,Switzerland,Honduras,2010,South Africa,-29.117279999999997,26.208920000000003
660,30597,Uruguay,South Korea,2010,South Africa,-33.937940000000005,25.599420000000002
661,34976,USA,Ghana,2010,South Africa,-25.663339999999998,27.22205
662,40510,Germany,England,2010,South Africa,-29.117279999999997,26.208920000000003
663,84377,Argentina,Mexico,2010,South Africa,-26.234757000000002,27.982654999999998
664,61962,Netherlands,Slovakia,2010,South Africa,-29.828287,31.029946999999996
665,54096,Brazil,Chile,2010,South Africa,-26.197547,28.060879999999997
666,36742,Paraguay,Japan,2010,South Africa,-25.75327,28.22291
667,62955,Spain,Portugal,2010,South Africa,-33.904790999999996,18.409845
668,40186,Netherlands,Brazil,2010,South Africa,-33.937940000000005,25.599420000000002
669,84017,Uruguay,Ghana,2010,South Africa,-26.234757000000002,27.982654999999998
670,64100,Argentina,Germany,2010,South Africa,-33.904790999999996,18.409845
671,55359,Paraguay,Spain,2010,South Africa,-26.197547,28.060879999999997
672,62479,Uruguay,Netherlands,2010,South Africa,-33.904790999999996,18.409845
673,60960,Germany,Spain,2010,South Africa,-29.828287,31.029946999999996
674,36254,Uruguay,Germany,2010,South Africa,-33.937940000000005,25.599420000000002
675,84490,Netherlands,Spain,2010,South Africa,-26.234757000000002,27.982654999999998
676,7908,Uruguay,Colombia,1962,Chile,-18.4896507,-70.30179240000001
677,65006,Chile,Switzerland,1962,Chile,-33.3514786,-70.7364126
678,10484,Brazil,Mexico,1962,Chile,-33.014396999999995,-71.53523299999999
679,7134,Argentina,Bulgaria,1962,Chile,-34.176408,-70.738982
680,9622,Soviet Union,Yugoslavia,1962,Chile,-18.4896507,-70.30179240000001
681,65440,FRG,Italy,1962,Chile,-33.3514786,-70.7364126
682,12700,Czechoslovakia,Spain,1962,Chile,-33.014396999999995,-71.53523299999999
683,7938,Hungary,England,1962,Chile,-34.176408,-70.738982
684,8824,Yugoslavia,Uruguay,1962,Chile,-18.4896507,-70.30179240000001
685,66057,Chile,Italy,1962,Chile,-33.3514786,-70.7364126
686,14903,Brazil,Czechoslovakia,1962,Chile,-33.014396999999995,-71.53523299999999
687,7794,England,Argentina,1962,Chile,-34.176408,-70.738982
688,8040,Soviet Union,Colombia,1962,Chile,-18.4896507,-70.30179240000001
689,64922,FRG,Switzerland,1962,Chile,-33.3514786,-70.7364126
690,11875,Spain,Mexico,1962,Chile,-33.014396999999995,-71.53523299999999
691,7442,Hungary,Bulgaria,1962,Chile,-34.176408,-70.738982
692,9973,Soviet Union,Uruguay,1962,Chile,-18.4896507,-70.30179240000001
693,67224,FRG,Chile,1962,Chile,-33.3514786,-70.7364126
694,18715,Brazil,Spain,1962,Chile,-33.014396999999995,-71.53523299999999
695,7945,Hungary,Argentina,1962,Chile,-34.176408,-70.738982
696,7167,Yugoslavia,Colombia,1962,Chile,-18.4896507,-70.30179240000001
697,59828,Italy,Switzerland,1962,Chile,-33.3514786,-70.7364126
698,10648,Mexico,Czechoslovakia,1962,Chile,-33.014396999999995,-71.53523299999999
699,5700,England,Bulgaria,1962,Chile,-34.176408,-70.738982
700,17268,Chile,Soviet Union,1962,Chile,-18.4896507,-70.30179240000001
701,63324,Yugoslavia,FRG,1962,Chile,-33.3514786,-70.7364126
702,17736,Brazil,England,1962,Chile,-33.014396999999995,-71.53523299999999
703,11690,Czechoslovakia,Hungary,1962,Chile,-34.176408,-70.738982
704,76594,Brazil,Chile,1962,Chile,-33.3514786,-70.7364126
705,5890,Czechoslovakia,Yugoslavia,1962,Chile,-33.014396999999995,-71.53523299999999
706,66697,Chile,Yugoslavia,1962,Chile,-33.3514786,-70.7364126
707,68679,Brazil,Czechoslovakia,1962,Chile,-33.3514786,-70.7364126
708,61500,Brazil,Yugoslavia,1974,West Germany,50.069555,8.646306
709,83168,FRG,Chile,1974,West Germany,52.514697,13.239498999999999
710,18180,GDR,Australia,1974,West Germany,53.587128,9.8986
711,25800,Zaire,Scotland,1974,West Germany,51.492502,7.4510309999999995
712,23800,Sweden,Bulgaria,1974,West Germany,51.26441,6.72576
713,53700,Uruguay,Netherlands,1974,West Germany,52.367596,9.719431
714,51100,Italy,Haiti,1974,West Germany,48.173159000000005,11.546603999999999
715,31500,Poland,Argentina,1974,West Germany,48.791715,9.231515
716,53300,Australia,FRG,1974,West Germany,53.587128,9.8986
717,27300,Chile,GDR,1974,West Germany,52.514697,13.239498999999999
718,31700,Yugoslavia,Zaire,1974,West Germany,51.554466,7.065778
719,62000,Scotland,Brazil,1974,West Germany,50.069555,8.646306
720,53700,Netherlands,Sweden,1974,West Germany,51.492502,7.4510309999999995
721,13400,Bulgaria,Uruguay,1974,West Germany,52.367596,9.719431
722,25400,Haiti,Poland,1974,West Germany,48.173159000000005,11.546603999999999
723,68900,Argentina,Italy,1974,West Germany,48.791715,9.231515
724,14681,Australia,Chile,1974,West Germany,52.514697,13.239498999999999
725,36200,Zaire,Brazil,1974,West Germany,51.554466,7.065778
726,56000,Scotland,Yugoslavia,1974,West Germany,50.069555,8.646306
727,60350,GDR,FRG,1974,West Germany,53.587128,9.8986
728,53300,Bulgaria,Netherlands,1974,West Germany,51.492502,7.4510309999999995
729,28300,Sweden,Uruguay,1974,West Germany,51.26441,6.72576
730,25900,Argentina,Haiti,1974,West Germany,48.173159000000005,11.546603999999999
731,68900,Poland,Italy,1974,West Germany,48.791715,9.231515
732,66085,Yugoslavia,FRG,1974,West Germany,51.26441,6.72576
733,55348,Netherlands,Argentina,1974,West Germany,51.554466,7.065778
734,58463,Brazil,GDR,1974,West Germany,52.367596,9.719431
735,43755,Sweden,Poland,1974,West Germany,48.791715,9.231515
736,67148,GDR,Netherlands,1974,West Germany,51.554466,7.065778
737,39400,Argentina,Brazil,1974,West Germany,52.367596,9.719431
738,53200,Poland,Yugoslavia,1974,West Germany,50.069555,8.646306
739,67861,FRG,Sweden,1974,West Germany,51.26441,6.72576
740,61249,Poland,FRG,1974,West Germany,50.069555,8.646306
741,52500,Netherlands,Brazil,1974,West Germany,51.492502,7.4510309999999995
742,53054,Argentina,GDR,1974,West Germany,51.554466,7.065778
743,37700,Sweden,Yugoslavia,1974,West Germany,51.26441,6.72576
744,74100,Poland,Brazil,1974,West Germany,48.173159000000005,11.546603999999999
745,77833,FRG,Netherlands,1974,West Germany,48.173159000000005,11.546603999999999
746,62561,France,Senegal,2002,South Korea/Japan,37.566534999999995,126.9779692
747,33679,Ireland,Cameroon,2002,South Korea/Japan,37.9161924,139.0364126
748,30157,Uruguay,Denmark,2002,South Korea/Japan,35.5383773,129.3113596
749,32218,Germany,Saudi Arabia,2002,South Korea/Japan,43.0620958,141.3543763
750,34050,Argentina,Nigeria,2002,South Korea/Japan,36.3418112,140.4467935
751,25186,Paraguay,South Africa,2002,South Korea/Japan,35.17955429999999,129.07564159999998
752,52721,England,Sweden,2002,South Korea/Japan,35.8617292,139.6454822
753,28598,Spain,Slovenia,2002,South Korea/Japan,35.1595454,126.85260120000001
754,32239,Croatia,Mexico,2002,South Korea/Japan,37.9161924,139.0364126
755,33842,Brazil,Turkey,2002,South Korea/Japan,35.5383773,129.3113596
756,31081,Italy,Ecuador,2002,South Korea/Japan,43.0620958,141.3543763
757,27217,China,Costa Rica,2002,South Korea/Japan,35.1595454,126.85260120000001
758,55256,Japan,Belgium,2002,South Korea/Japan,35.8617292,139.6454822
759,48760,South Korea,Poland,2002,South Korea/Japan,35.17955429999999,129.07564159999998
760,30957,Russia,Tunisia,2002,South Korea/Japan,34.690083,135.1955112
761,37306,USA,Portugal,2002,South Korea/Japan,37.263572700000005,127.02860090000001
762,35854,Germany,Ireland,2002,South Korea/Japan,36.3418112,140.4467935
763,43500,Denmark,Senegal,2002,South Korea/Japan,35.871435399999996,128.60144499999998
764,52328,Cameroon,Saudi Arabia,2002,South Korea/Japan,35.8617292,139.6454822
765,38289,France,Uruguay,2002,South Korea/Japan,35.17955429999999,129.07564159999998
766,36194,Sweden,Nigeria,2002,South Korea/Japan,34.690083,135.1955112
767,24000,Spain,Paraguay,2002,South Korea/Japan,35.8242238,127.14795320000002
768,35927,Argentina,England,2002,South Korea/Japan,43.0620958,141.3543763
769,47226,South Africa,Slovenia,2002,South Korea/Japan,35.871435399999996,128.60144499999998
770,36472,Italy,Croatia,2002,South Korea/Japan,36.3418112,140.4467935
771,36750,Brazil,China,2002,South Korea/Japan,33.2541205,126.560076
772,45610,Mexico,Ecuador,2002,South Korea/Japan,38.268837299999994,140.8721
773,42299,Costa Rica,Turkey,2002,South Korea/Japan,37.4562557,126.70520619999999
774,66108,Japan,Russia,2002,South Korea/Japan,35.4437078,139.6380256
775,60778,South Korea,USA,2002,South Korea/Japan,35.871435399999996,128.60144499999998
776,39700,Tunisia,Belgium,2002,South Korea/Japan,33.2395578,131.609272
777,31000,Portugal,Poland,2002,South Korea/Japan,35.8242238,127.14795320000002
778,48100,Denmark,France,2002,South Korea/Japan,37.4562557,126.70520619999999
779,33681,Senegal,Uruguay,2002,South Korea/Japan,37.263572700000005,127.02860090000001
780,47085,Cameroon,Germany,2002,South Korea/Japan,34.975562,138.38275959999999
781,65320,Saudi Arabia,Ireland,2002,South Korea/Japan,35.4437078,139.6380256
782,45777,Sweden,Argentina,2002,South Korea/Japan,38.268837299999994,140.8721
783,44864,Nigeria,England,2002,South Korea/Japan,34.693737799999994,135.50216509999998
784,31024,South Africa,Spain,2002,South Korea/Japan,36.3504119,127.38454750000001
785,30176,Slovenia,Paraguay,2002,South Korea/Japan,33.2541205,126.560076
786,38524,Costa Rica,Brazil,2002,South Korea/Japan,37.263572700000005,127.02860090000001
787,43605,Turkey,China,2002,South Korea/Japan,37.566534999999995,126.9779692
788,65862,Ecuador,Croatia,2002,South Korea/Japan,35.4437078,139.6380256
789,39291,Mexico,Italy,2002,South Korea/Japan,33.2395578,131.609272
790,46640,Belgium,Russia,2002,South Korea/Japan,34.975562,138.38275959999999
791,45213,Tunisia,Japan,2002,South Korea/Japan,34.693737799999994,135.50216509999998
792,26482,Poland,USA,2002,South Korea/Japan,36.3504119,127.38454750000001
793,50239,Portugal,South Korea,2002,South Korea/Japan,37.4562557,126.70520619999999
794,25176,Germany,Paraguay,2002,South Korea/Japan,33.2541205,126.560076
795,40582,Denmark,England,2002,South Korea/Japan,37.9161924,139.0364126
796,39747,Sweden,Senegal,2002,South Korea/Japan,33.2395578,131.609272
797,38926,Spain,Ireland,2002,South Korea/Japan,37.263572700000005,127.02860090000001
798,36380,Mexico,USA,2002,South Korea/Japan,35.8242238,127.14795320000002
799,40440,Brazil,Belgium,2002,South Korea/Japan,34.690083,135.1955112
800,45666,Japan,Turkey,2002,South Korea/Japan,38.268837299999994,140.8721
801,38588,South Korea,Italy,2002,South Korea/Japan,36.3504119,127.38454750000001
802,47436,England,Brazil,2002,South Korea/Japan,34.975562,138.38275959999999
803,37337,Germany,USA,2002,South Korea/Japan,35.5383773,129.3113596
804,42114,Spain,South Korea,2002,South Korea/Japan,35.1595454,126.85260120000001
805,44233,Senegal,Turkey,2002,South Korea/Japan,34.693737799999994,135.50216509999998
806,65625,Germany,South Korea,2002,South Korea/Japan,37.566534999999995,126.9779692
807,61058,Brazil,Turkey,2002,South Korea/Japan,35.8617292,139.6454822
808,63483,Turkey,South Korea,2002,South Korea/Japan,35.871435399999996,128.60144499999998
809,69029,Brazil,Germany,2002,South Korea/Japan,35.4437078,139.6380256
810,16000,Yugoslavia,France,1954,Switzerland,46.533333,6.624167
811,13000,Brazil,Mexico,1954,Switzerland,46.208050799999995,6.1227005
812,25000,Austria,Scotland,1954,Switzerland,47.393411,8.503633
813,20000,Uruguay,Czechoslovakia,1954,Switzerland,46.963112,7.464874000000001
814,43000,Switzerland,Italy,1954,Switzerland,46.533333,6.624167
815,13000,Hungary,South Korea,1954,Switzerland,47.393411,8.503633
816,28000,FRG,Turkey,1954,Switzerland,46.963112,7.464874000000001
817,14000,England,Belgium,1954,Switzerland,47.5422544,7.6100127
818,34000,Uruguay,Scotland,1954,Switzerland,47.5422544,7.6100127
819,25000,Brazil,Yugoslavia,1954,Switzerland,46.533333,6.624167
820,26000,Austria,Czechoslovakia,1954,Switzerland,47.393411,8.503633
821,19000,France,Mexico,1954,Switzerland,46.208050799999995,6.1227005
822,53000,Hungary,FRG,1954,Switzerland,47.5422544,7.6100127
823,2000,Turkey,South Korea,1954,Switzerland,46.208050799999995,6.1227005
824,26000,Italy,Belgium,1954,Switzerland,45.527362,9.044131
825,43500,England,Switzerland,1954,Switzerland,46.963112,7.464874000000001
826,17000,FRG,Turkey,1954,Switzerland,47.393411,8.503633
827,30000,Switzerland,Italy,1954,Switzerland,47.5422544,7.6100127
828,28000,Uruguay,England,1954,Switzerland,47.5422544,7.6100127
829,32000,Austria,Switzerland,1954,Switzerland,46.533333,6.624167
830,40000,Hungary,Brazil,1954,Switzerland,46.963112,7.464874000000001
831,17000,FRG,Yugoslavia,1954,Switzerland,46.208050799999995,6.1227005
832,45000,Hungary,Uruguay,1954,Switzerland,46.533333,6.624167
833,57000,FRG,Austria,1954,Switzerland,47.5422544,7.6100127
834,32000,Austria,Uruguay,1954,Switzerland,47.393411,8.503633
835,62472,FRG,Hungary,1954,Switzerland,46.963112,7.464874000000001
